{
  "version": 1,
  "author": "Anonymous maker",
  "editor": "wokwi",
  "parts": [
    { "type": "board-esp32-devkit-c-v4", "id": "esp", "top": 0, "left": 0, "attrs": {} },
    { "type": "wokwi-dht22", "id": "dht1", "top": -95.7, "left": -91.8, "attrs": {} },
    {
      "type": "wokwi-resistor",
      "id": "r1",
      "top": 99.95,
      "left": -134.4,
      "attrs": { "value": "220" }
    },
    { "type": "wokwi-led", "id": "led1", "top": 159.6, "left": -121, "attrs": { "color": "red" } },
    {
      "type": "wokwi-buzzer",
      "id": "bz1",
      "top": -84,
      "left": 136.2,
      "attrs": { "volume": "0.1" }
    }
  ],
  "connections": [
    [ "esp:TX", "$serialMonitor:RX", "", [] ],
    [ "esp:RX", "$serialMonitor:TX", "", [] ],
    [ "dht1:VCC", "esp:3V3", "red", [ "v9.6" ] ],
    [ "dht1:GND", "esp:GND.1", "black", [ "v0" ] ],
    [ "dht1:SDA", "esp:4", "green", [ "v-19.2", "h201.7", "v144", "h-28.8" ] ],
    [ "bz1:2", "esp:19", "green", [ "v0" ] ],
    [ "bz1:1", "esp:GND.3", "green", [ "v0" ] ],
    [ "led1:A", "r1:2", "green", [ "v0", "h19.2" ] ],
    [ "r1:1", "esp:18", "green", [ "v134.4", "h316.8", "v-134.4", "h-76.8" ] ],
    [ "led1:C", "esp:GND.1", "green", [ "v9.6", "h77.2" ] ]
  ],
  "dependencies": {}
}