{
  "version": 1,
  "author": "BAGAS ANDIKA PUTRA AMBODALE -",
  "editor": "wokwi",
  "parts": [
    { "type": "board-esp32-devkit-c-v4", "id": "esp", "top": 0, "left": -4.76, "attrs": {} },
    {
      "type": "wokwi-led",
      "id": "led1",
      "top": -80.4,
      "left": -82.6,
      "attrs": { "color": "red" }
    },
    { "type": "wokwi-led", "id": "led2", "top": -90, "left": 23, "attrs": { "color": "green" } },
    { "type": "wokwi-led", "id": "led3", "top": -90, "left": 128.6, "attrs": { "color": "blue" } },
    {
      "type": "wokwi-resistor",
      "id": "r1",
      "top": -15.25,
      "left": -124.8,
      "attrs": { "value": "220" }
    },
    {
      "type": "wokwi-resistor",
      "id": "r2",
      "top": -24.85,
      "left": 124.8,
      "attrs": { "value": "220" }
    },
    {
      "type": "wokwi-resistor",
      "id": "r3",
      "top": -24.85,
      "left": 19.2,
      "attrs": { "value": "220" }
    }
  ],
  "connections": [
    [ "esp:TX", "$serialMonitor:RX", "", [] ],
    [ "esp:RX", "$serialMonitor:TX", "", [] ],
    [ "led1:A", "r1:2", "green", [ "v0" ] ],
    [ "led2:A", "r3:2", "green", [ "v9.6", "h28.8" ] ],
    [ "led3:A", "r2:2", "green", [ "v9.6", "h28.8" ] ],
    [ "led1:C", "esp:GND.1", "green", [ "v0" ] ],
    [ "led2:C", "esp:GND.2", "green", [ "v19.2", "h67.6" ] ],
    [ "led3:C", "esp:GND.2", "green", [ "v9.6", "h-38" ] ],
    [ "r1:1", "esp:14", "green", [ "v0" ] ],
    [ "r3:1", "esp:12", "green", [ "v19.2", "h-38.4", "v144" ] ],
    [ "r2:1", "esp:27", "green", [ "v9.6", "h-163.2", "v134.4" ] ]
  ],
  "dependencies": {}
}