{
  "version": 1,
  "author": "BAGAS ANDIKA PUTRA AMBODALE -",
  "editor": "wokwi",
  "parts": [
    { "type": "board-esp32-devkit-c-v4", "id": "esp", "top": 0, "left": 0, "attrs": {} },
    { "type": "wokwi-hc-sr04", "id": "ultrasonic1", "top": -123.3, "left": -42.5, "attrs": {} },
    {
      "type": "board-ssd1306",
      "id": "oled1",
      "top": 233.54,
      "left": 0.23,
      "attrs": { "i2cAddress": "0x3c" }
    }
  ],
  "connections": [
    [ "esp:TX", "$serialMonitor:RX", "", [] ],
    [ "esp:RX", "$serialMonitor:TX", "", [] ],
    [ "ultrasonic1:VCC", "esp:5V", "red", [ "v9.6", "h-76.8", "v211.2" ] ],
    [ "ultrasonic1:GND", "esp:GND.1", "black", [ "v19.2", "h-78", "v163.2" ] ],
    [ "ultrasonic1:TRIG", "esp:5", "green", [ "v9.6", "h86", "v134.4" ] ],
    [ "ultrasonic1:ECHO", "esp:18", "green", [ "v28.8", "h66.4", "v105.6" ] ],
    [ "oled1:VCC", "esp:3V3", "red", [ "v-19.2", "h-86.25", "v-201.6" ] ],
    [ "oled1:GND", "esp:GND.3", "black", [ "v-19.2", "h96", "v-134.4", "h-28.8" ] ],
    [ "oled1:SDA", "esp:21", "green", [ "v-9.6", "h96.07", "v-153.6", "h-57.6" ] ],
    [ "oled1:SCL", "esp:22", "green", [ "v-19.2", "h77.1", "v-172.8" ] ]
  ],
  "dependencies": {}
}